<?xml version='1.0' encoding='UTF-8' ?>
<timeLogEntries>
  <time id="1" path="/Lab2/Planeacion/PSP0/Planning" start="@1536591547285" delta="9" />
  <time id="2" path="/Lab2/Planeacion/PSP0/Planning" start="@1536592579136" delta="11" />
  <time id="3" path="/Lab2/Planeacion/PSP0/Planning" start="@1536593943903" delta="88" interrupt="1" />
  <time id="4" path="/Lab2/Planeacion/PSP0/Planning" start="@1537028360211" delta="15" />
  <time id="5" path="/Lab2/Planeacion/PSP0/Planning" start="@1537029783190" delta="38" />
  <time id="6" path="/Lab2/Planeacion/PSP0/Design" start="@1537285043210" delta="105" />
  <time id="7" path="/Lab2/Planeacion/PSP0/Design" start="@1537374003191" delta="43" />
  <time id="8" path="/Lab2/Planeacion/PSP0/Code" start="@1537379565961" delta="53" />
  <time id="9" path="/Lab2/Planeacion/PSP0/Code" start="@1537474321479" delta="1" />
  <time id="10" path="/Lab2/Planeacion/PSP0/Code" start="@1537474332529" delta="27" />
  <time id="11" path="/Lab2/Planeacion/PSP0/Code" start="@1537487556025" delta="105" />
</timeLogEntries>
