<?xml version='1.0' encoding='UTF-8' ?>
<timeLogEntries>
  <time id="1" path="/Lab 2/PSP0/Planning" start="@1536419365671" delta="46" />
  <time id="2" path="/Lab 2/PSP0/Planning" start="@1536431571417" delta="17" />
  <time id="3" path="/Lab 2/PSP0/Design" start="@1536592602686" delta="105" interrupt="1" />
  <time id="4" path="/Lab 2/PSP0/Planning" start="@1536599029522" delta="68" />
  <time id="5" path="/Lab 2/PSP0/Design" start="@1537025128659" delta="44" />
  <time id="7" path="/Lab 2/PSP0/Code" start="@1537110465216" delta="58" />
  <time id="8" path="/Lab 2/PSP0/Code" start="@1537139098089" delta="159" />
  <time id="9" path="/Lab 2/PSP0/Code" start="@1537213780053" delta="9" />
  <time id="10" path="/Lab 2/PSP0/Code" start="@1537239885756" delta="66" />
  <time id="11" path="/Lab 2/PSP0/Code" start="@1537282592337" delta="72" />
  <time id="12" path="/Lab 2/PSP0/Test" start="@1537290966187" delta="11" />
  <time id="13" path="/Lab 2/PSP0/Code" start="@1537293661750" delta="10" />
  <time id="14" path="/Lab 2/PSP0/Test" start="@1537294283315" delta="32" />
  <time id="15" path="/Lab 2/PSP0/Code" start="@1537394476498" delta="72" />
  <time id="16" path="/Lab 2/PSP0/Code" start="@1537401773651" delta="73" />
  <time id="17" path="/Lab 2/PSP0/Code" start="@1537457875984" delta="25" />
  <time id="18" path="/Lab 2/PSP0/Code" start="@1537474249837" delta="41" />
</timeLogEntries>
