<?xml version='1.0' encoding='UTF-8' ?>
<timeLogEntries>
  <time id="1" path="/Blabla/PSP0/Planning" start="@1535735857796" delta="1" />
  <time id="2" path="/Blabla/PSP0/Planning" start="@1535736120218" delta="8" />
  <time id="3" path="/Lab2/PSP0/Planning" start="@1536358915828" delta="39" />
  <time id="4" path="/Lab2/PSP0/Planning" start="@1536417358414" delta="53" interrupt="4" />
  <time id="5" path="/Lab2/PSP0/Planning" start="@1536435940066" delta="20" />
  <time id="6" path="/Lab2/PSP0/Planning" start="@1536438392506" delta="17" />
  <time id="7" path="/Lab2/PSP0/Design" start="@1536592772986" delta="106" interrupt="1" />
  <time id="8" path="/Lab2/PSP0/Design" start="@1537025113060" delta="45" />
  <time id="9" path="/Lab2/PSP0/Code" start="@1537029638476" delta="28" />
  <time id="10" path="/Lab2/PSP0/Code" start="@1537222207212" delta="28" />
  <time id="11" path="/Lab2/PSP0/Code" start="@1537228685831" delta="27" />
  <time id="12" path="/Lab2/PSP0/Code" start="@1537286434904" delta="32" />
  <time id="13" path="/Lab2/PSP0/Code" start="@1537395214311" delta="183" />
  <time id="14" path="/Lab2/PSP0/Design" start="@1537474271599" delta="41" />
  <time id="15" path="/Lab2/PSP0/Code" start="@1537487538801" delta="38" />
</timeLogEntries>
